id,email,created_at
7a9ed413-a880-43d1-aeb0-33805d00a3c8,support_coordinator@example.com,null
e68f752a-2d85-4dfb-9743-cbf3fb6bf8e8,ryan_h@example.com,null
d5e1fa56-80b7-4e51-9012-3baac98f2b9e,lily_w@example.com,null
fc178f8d-6b47-40be-beaf-462e1c7f31a3,dhdhd@gfgf.com,2025-04-12 13:39:41.755321+00
9e4fffdc-6dbc-40b0-8601-abcfdd9c4af4,bash@gmaikl.com,2025-04-12 12:35:09.58698+00
cd948356-9f68-4bbd-aa2c-d8594743243f,null,2025-04-12 07:26:44.872797+00
e8831354-32bf-4c79-b978-366244f2ce7a,sam@m.com,2025-04-12 04:33:15.835189+00
dc1a222e-449b-4d46-85d4-f85d84ad5a63,sam@hmail.com,2025-04-12 04:04:20.536371+00
1da7cc7f-5902-4a98-9cfd-de21eded30ed,ashley.so@gmail.com,2025-04-11 13:48:10.070098+00
50f9fb24-3371-41c8-ad45-40bde022824d,null,2025-04-10 10:15:13.79658+00